cohort_month,home,confirmation,user_id,conversion_rate,revenue
2015-01,22600,189,22600,0.00836283185840708,47250
2015-02,22600,173,22600,0.007654867256637168,43250
2015-03,22600,44,22600,0.0019469026548672567,11000
2015-04,22600,46,22600,0.0020353982300884955,11500
